{"epoch": 10, "train_loss": 0.916559636592865, "raw_loss": 0.1889297217130661, "wd_0": 0.01, "sqr_mom_0": 0.99, "lr_0": 1.4049686206433175e-08, "mom_0": 0.9499986960759024, "eps_0": 1e-05, "wd_1": 0.01, "sqr_mom_1": 0.99, "lr_1": 1.4049686206433175e-08, "mom_1": 0.9499986960759024, "eps_1": 1e-05, "_timestamp": 1675815855.4610722, "train_samples_per_sec": 131.59652669540895, "_runtime": 40.34922409057617, "_step": 579, "valid_loss": 0.7306196689605713, "accuracy": 0.7333333492279053, "error_rate": 0.2666666805744171, "f1_score": 0.7, "hamming_loss": 0.26666666666666666, "final_loss": 0.75812166929245, "final_accuracy": 0.7333333492279053, "final_error_rate": 0.2666666805744171, "final_f1score_weighted": 0.7, "final_hamming_loss": 0.26666666666666666, "_wandb": {"runtime": 40}}