{"epoch": 10, "train_loss": 0.36832013726234436, "raw_loss": 0.059987474232912064, "wd_0": 0.01, "sqr_mom_0": 0.99, "lr_0": 4.0951988780884435e-07, "mom_0": 0.9499947843716184, "eps_0": 1e-05, "wd_1": 0.01, "sqr_mom_1": 0.99, "lr_1": 4.0951988780884435e-07, "mom_1": 0.9499947843716184, "eps_1": 1e-05, "_timestamp": 1675816185.0857534, "train_samples_per_sec": 232.80116542939516, "_runtime": 30.14792251586914, "_step": 289, "valid_loss": 0.4355350434780121, "accuracy": 0.8666666746139526, "error_rate": 0.13333334028720856, "f1_score": 0.8731481481481481, "hamming_loss": 0.13333333333333333, "final_loss": 0.3811105191707611, "final_accuracy": 0.9333333373069763, "final_error_rate": 0.06666667014360428, "final_f1score_weighted": 0.9333333333333333, "final_hamming_loss": 0.06666666666666667, "_wandb": {"runtime": 30}}