{"epoch": 10, "train_loss": 1.7417136430740356, "raw_loss": 1.0030874013900757, "wd_0": 0.01, "sqr_mom_0": 0.99, "lr_0": 6.132159482379453e-10, "mom_0": 0.9499986960759024, "eps_0": 1e-05, "wd_1": 0.01, "sqr_mom_1": 0.99, "lr_1": 6.132159482379453e-10, "mom_1": 0.9499986960759024, "eps_1": 1e-05, "_timestamp": 1675815729.7648568, "train_samples_per_sec": 150.51599900441406, "_runtime": 66.87558889389038, "_step": 579, "valid_loss": 0.8852977752685547, "accuracy": 0.7333333492279053, "error_rate": 0.2666666805744171, "f1_score": 0.7286796536796537, "hamming_loss": 0.26666666666666666, "final_loss": 0.9404271841049194, "final_accuracy": 0.7666666507720947, "final_error_rate": 0.23333333432674408, "final_f1score_weighted": 0.760016835016835, "final_hamming_loss": 0.23333333333333334, "_wandb": {"runtime": 67}}