{"epoch": 10, "train_loss": 0.20594404637813568, "raw_loss": 0.04691334813833237, "wd_0": 0.01, "sqr_mom_0": 0.99, "lr_0": 5.8218915529738464e-08, "mom_0": 0.9499947843716184, "eps_0": 1e-05, "wd_1": 0.01, "sqr_mom_1": 0.99, "lr_1": 5.8218915529738464e-08, "mom_1": 0.9499947843716184, "eps_1": 1e-05, "_timestamp": 1675815591.6293204, "train_samples_per_sec": 226.55264991144531, "_runtime": 32.908764362335205, "_step": 289, "valid_loss": 0.19710449874401093, "accuracy": 0.9666666388511658, "error_rate": 0.03333333507180214, "f1_score": 0.9663299663299664, "hamming_loss": 0.03333333333333333, "final_loss": 0.11361522972583771, "final_accuracy": 0.9666666388511658, "final_error_rate": 0.03333333507180214, "final_f1score_weighted": 0.9663299663299664, "final_hamming_loss": 0.03333333333333333, "_wandb": {"runtime": 33}}