{"epoch": 10, "train_loss": 2.086884021759033, "raw_loss": 2.6051721572875977, "wd_0": 0.01, "sqr_mom_0": 0.99, "lr_0": 8.552789688583536e-10, "mom_0": 0.9499947843716184, "eps_0": 1e-05, "wd_1": 0.01, "sqr_mom_1": 0.99, "lr_1": 8.552789688583536e-10, "mom_1": 0.9499947843716184, "eps_1": 1e-05, "_timestamp": 1675816422.531269, "train_samples_per_sec": 216.693926844103, "_runtime": 32.09644103050232, "_step": 289, "valid_loss": 1.2258046865463257, "accuracy": 0.6333333253860474, "error_rate": 0.36666667461395264, "f1_score": 0.6428571428571428, "hamming_loss": 0.36666666666666664, "final_loss": 1.2259610891342163, "final_accuracy": 0.6333333253860474, "final_error_rate": 0.36666667461395264, "final_f1score_weighted": 0.6428571428571428, "final_hamming_loss": 0.36666666666666664, "_wandb": {"runtime": 32}}