{"epoch": 10, "train_loss": 0.3643400967121124, "raw_loss": 0.03399528190493584, "wd_0": 0.01, "sqr_mom_0": 0.99, "lr_0": 2.6699764262352876e-07, "mom_0": 0.9499947843716184, "eps_0": 1e-05, "wd_1": 0.01, "sqr_mom_1": 0.99, "lr_1": 2.6699764262352876e-07, "mom_1": 0.9499947843716184, "eps_1": 1e-05, "_timestamp": 1675816266.3001187, "train_samples_per_sec": 169.56578933024414, "_runtime": 33.69884467124939, "_step": 289, "valid_loss": 0.40124157071113586, "accuracy": 0.8333333134651184, "error_rate": 0.1666666716337204, "f1_score": 0.8314814814814814, "hamming_loss": 0.16666666666666666, "final_loss": 0.5746229290962219, "final_accuracy": 0.8666666746139526, "final_error_rate": 0.13333334028720856, "final_f1score_weighted": 0.8731481481481481, "final_hamming_loss": 0.13333333333333333, "_wandb": {"runtime": 34}}