{"epoch": 10, "train_loss": 1.350928783416748, "raw_loss": 0.9566938877105713, "wd_0": 0.01, "sqr_mom_0": 0.99, "lr_0": 4.107406943563855e-09, "mom_0": 0.9499986960759024, "eps_0": 1e-05, "wd_1": 0.01, "sqr_mom_1": 0.99, "lr_1": 4.107406943563855e-09, "mom_1": 0.9499986960759024, "eps_1": 1e-05, "_timestamp": 1675816530.0629888, "train_samples_per_sec": 94.64573009313541, "_runtime": 50.8875846862793, "_step": 579, "valid_loss": 0.7499765753746033, "accuracy": 0.699999988079071, "error_rate": 0.30000001192092896, "f1_score": 0.6959259259259258, "hamming_loss": 0.3, "final_loss": 0.7578108906745911, "final_accuracy": 0.7666666507720947, "final_error_rate": 0.23333333432674408, "final_f1score_weighted": 0.777080327080327, "final_hamming_loss": 0.23333333333333334, "_wandb": {"runtime": 51}}