{"epoch": 10, "train_loss": 1.454704761505127, "raw_loss": 0.6919864416122437, "wd_0": 0.01, "sqr_mom_0": 0.99, "lr_0": 2.4058404312797196e-09, "mom_0": 0.9499986960759024, "eps_0": 1e-05, "wd_1": 0.01, "sqr_mom_1": 0.99, "lr_1": 2.4058404312797196e-09, "mom_1": 0.9499986960759024, "eps_1": 1e-05, "wd_2": 0.01, "sqr_mom_2": 0.99, "lr_2": 2.4058404312797196e-09, "mom_2": 0.9499986960759024, "eps_2": 1e-05, "_timestamp": 1675815980.5794952, "train_samples_per_sec": 242.66616012427315, "_runtime": 33.139098167419434, "_step": 579, "valid_loss": 0.6187525391578674, "accuracy": 0.7666666507720947, "error_rate": 0.23333333432674408, "f1_score": 0.7692424242424243, "hamming_loss": 0.23333333333333334, "final_loss": 0.6032357811927795, "final_accuracy": 0.8333333134651184, "final_error_rate": 0.1666666716337204, "final_f1score_weighted": 0.8296296296296296, "final_hamming_loss": 0.16666666666666666, "_wandb": {"runtime": 33}}