{"epoch": 69, "train_loss": 0.40412601828575134, "raw_loss": 0.48381146788597107, "wd_0": 0.01, "sqr_mom_0": 0.99, "lr_0": 1.2431152450345997e-07, "mom_0": 0.9499947843716184, "eps_0": 1e-05, "wd_1": 0.01, "sqr_mom_1": 0.99, "lr_1": 1.2431152450345997e-07, "mom_1": 0.9499947843716184, "eps_1": 1e-05, "_timestamp": 1675371198.1133862, "train_samples_per_sec": 504.40811595608795, "_runtime": 4486.271920204163, "_step": 1991, "wd_2": 0.01, "sqr_mom_2": 0.99, "lr_2": 1.2431152450345997e-07, "mom_2": 0.9499947843716184, "eps_2": 1e-05, "valid_loss": 0.3268333971500397, "accuracy": 0.8999999761581421, "error_rate": 0.10000000149011612, "top_k_accuracy": 1.0, "f1_score": 0.9013532763532763, "hamming_loss": 0.1, "_wandb": {"runtime": 194}}