{"epoch": 10, "train_loss": 0.44859951734542847, "raw_loss": 0.07627077400684357, "wd_0": 0.01, "sqr_mom_0": 0.99, "lr_0": 7.3114879736106e-08, "mom_0": 0.9499947843716184, "eps_0": 1e-05, "wd_1": 0.01, "sqr_mom_1": 0.99, "lr_1": 7.3114879736106e-08, "mom_1": 0.9499947843716184, "eps_1": 1e-05, "_timestamp": 1675816337.4755955, "train_samples_per_sec": 268.25552570188177, "_runtime": 28.52385640144348, "_step": 289, "valid_loss": 0.615907609462738, "accuracy": 0.7666666507720947, "error_rate": 0.23333333432674408, "f1_score": 0.7738095238095237, "hamming_loss": 0.23333333333333334, "final_loss": 0.6046279668807983, "final_accuracy": 0.7666666507720947, "final_error_rate": 0.23333333432674408, "final_f1score_weighted": 0.7738095238095237, "final_hamming_loss": 0.23333333333333334, "_wandb": {"runtime": 28}}