{"epoch": 10, "train_loss": 0.33353281021118164, "raw_loss": 0.46637600660324097, "wd_0": 0.01, "sqr_mom_0": 0.99, "lr_0": 1.2431152450345997e-07, "mom_0": 0.9499947843716184, "eps_0": 1e-05, "wd_1": 0.01, "sqr_mom_1": 0.99, "lr_1": 1.2431152450345997e-07, "mom_1": 0.9499947843716184, "eps_1": 1e-05, "wd_2": 0.01, "sqr_mom_2": 0.99, "lr_2": 1.2431152450345997e-07, "mom_2": 0.9499947843716184, "eps_2": 1e-05, "_timestamp": 1675811178.9122813, "train_samples_per_sec": 549.399495351295, "_runtime": 3982.0542511940002, "_step": 290, "valid_loss": 0.3317832946777344, "accuracy": 0.8333333134651184, "error_rate": 0.1666666716337204, "f1_score": 0.8427757427757427, "hamming_loss": 0.16666666666666666, "pred_table": {"_type": "table-file", "sha256": "4cfcebd1f1ae636949c7644c3e4e66fef59751d0c02e622102ce282288b70259", "size": 5981, "artifact_path": "wandb-client-artifact://ft49dpkxdpsr25nmuejza0k6jecoit0621j4c4i4q9usslmaq8f1sx2927zffkurjmqbzg4a0c75ltqn3m990d5iawfz8lko1cvqinv1x1opupj9ekqzn7y4ij12f4in:latest/pred_table.table.json", "_latest_artifact_path": "wandb-client-artifact://ft49dpkxdpsr25nmuejza0k6jecoit0621j4c4i4q9usslmaq8f1sx2927zffkurjmqbzg4a0c75ltqn3m990d5iawfz8lko1cvqinv1x1opupj9ekqzn7y4ij12f4in:latest/pred_table.table.json", "path": "media/table/pred_table_290_4cfcebd1f1ae636949c7.table.json", "ncols": 10, "nrows": 30}, "final_loss": 0.10159740597009659, "final_accuracy": 0.9666666388511658, "final_error_rate": 0.033333323895931244, "final_f1score_weighted": 0.9663299663299664, "final_hamming_loss": 0.03333333333333333, "_wandb": {"runtime": 76}}