{"epoch": 10, "train_loss": 0.33889061212539673, "raw_loss": 0.1308630257844925, "wd_0": 0.01, "sqr_mom_0": 0.99, "lr_0": 1.0479993930979058e-07, "mom_0": 0.9499947843716184, "eps_0": 1e-05, "wd_1": 0.01, "sqr_mom_1": 0.99, "lr_1": 1.0479993930979058e-07, "mom_1": 0.9499947843716184, "eps_1": 1e-05, "_timestamp": 1675816107.5435817, "train_samples_per_sec": 172.67530999612768, "_runtime": 34.1756796836853, "_step": 289, "valid_loss": 0.5999248623847961, "accuracy": 0.8333333134651184, "error_rate": 0.1666666716337204, "f1_score": 0.8398148148148148, "hamming_loss": 0.16666666666666666, "final_loss": 0.6499559879302979, "final_accuracy": 0.8333333134651184, "final_error_rate": 0.1666666716337204, "final_f1score_weighted": 0.8398148148148148, "final_hamming_loss": 0.16666666666666666, "_wandb": {"runtime": 34}}