{"epoch": 3.9999999999999956, "train_loss": 0.9091837406158447, "raw_loss": 1.102599859237671, "wd_0": 0.01, "sqr_mom_0": 0.99, "lr_0": 0.0018174241454282727, "mom_0": 0.8591288840174265, "eps_0": 1e-05, "wd_1": 0.01, "sqr_mom_1": 0.99, "lr_1": 0.0018174241454282727, "mom_1": 0.8591288840174265, "eps_1": 1e-05, "wd_2": 0.01, "sqr_mom_2": 0.99, "lr_2": 0.0018174241454282727, "mom_2": 0.8591288840174265, "eps_2": 1e-05, "_timestamp": 1675814969.127005, "train_samples_per_sec": 469.9402388750683, "_runtime": 12.412784099578857, "_step": 115, "valid_loss": 0.4760538935661316, "accuracy": 0.8333333134651184, "error_rate": 0.1666666716337204, "f1_score": 0.7857142857142858, "hamming_loss": 0.16666666666666666, "_wandb": {"runtime": 14}}