{"epoch": 10, "train_loss": 0.33353281021118164, "raw_loss": 0.46637600660324097, "wd_0": 0.01, "sqr_mom_0": 0.99, "lr_0": 1.2431152450345997e-07, "mom_0": 0.9499947843716184, "eps_0": 1e-05, "wd_1": 0.01, "sqr_mom_1": 0.99, "lr_1": 1.2431152450345997e-07, "mom_1": 0.9499947843716184, "eps_1": 1e-05, "wd_2": 0.01, "sqr_mom_2": 0.99, "lr_2": 1.2431152450345997e-07, "mom_2": 0.9499947843716184, "eps_2": 1e-05, "_timestamp": 1675811839.2592423, "train_samples_per_sec": 535.9257566850463, "_runtime": 32.54202938079834, "_step": 290, "valid_loss": 0.3317832946777344, "accuracy": 0.8333333134651184, "error_rate": 0.1666666716337204, "f1_score": 0.8427757427757427, "hamming_loss": 0.16666666666666666, "pred_table": {"_type": "table-file", "sha256": "79ee71a7848c017a784dbb779f0f7fdc928989595ff1c739e77eb01c25df64d9", "size": 5981, "artifact_path": "wandb-client-artifact://x576qztpq2i2kmz1voa3ck2cpqfg9z0dt879uzvu1xf9pcvyhnyyoly62edhppm4s5wj0lpq526bqqh2993l3opa2l83suyqd9ewu3k13skj60ezxx7uj9cl7gfaawz8:latest/pred_table.table.json", "_latest_artifact_path": "wandb-client-artifact://x576qztpq2i2kmz1voa3ck2cpqfg9z0dt879uzvu1xf9pcvyhnyyoly62edhppm4s5wj0lpq526bqqh2993l3opa2l83suyqd9ewu3k13skj60ezxx7uj9cl7gfaawz8:latest/pred_table.table.json", "path": "media/table/pred_table_290_79ee71a7848c017a784d.table.json", "ncols": 10, "nrows": 30}, "final_loss": 0.10159740597009659, "final_accuracy": 0.9666666388511658, "final_error_rate": 0.033333323895931244, "final_f1score_weighted": 0.9663299663299664, "final_hamming_loss": 0.03333333333333333, "_wandb": {"runtime": 32}}